<project>

    <target name="clean">
        <delete dir="build"/>
    </target>

    <target name="compile">
        <mkdir dir="build/classes"/>
        <javac srcdir="src" destdir="build/classes">
			<classpath>
				<pathelement path="build/classes;lib/sqljdbc.jar"/>
			</classpath>
		</javac>
    </target>

    <target name="jar">
        <mkdir dir="build/jar"/>
		<mkdir dir="build/jar/lib"/>
		<copy file="lib/sqljdbc.jar" todir="build/jar/lib"/>
        <jar destfile="build/jar/test.jar" basedir="build/classes">
            <manifest>
                <attribute name="Main-Class" value="javaapplication10.Main"/>
				<attribute name="Class-Path" value="lib/sqljdbc.jar"/>
            </manifest>
        </jar>
    </target>

    <target name="run">
        <java jar="build/jar/test.jar" fork="true"/>
    </target>

</project>

